ID del pedido,DIA,Categoria,Comida,Cantidad,Total,,,,,
1,Martes,Antojitos,Burrito de Longaniza,5,58,,,,,
2,Martes,Antojitos,HotDog,5,54,,,,,
3,Martes,Antojitos,Hamburguesa de Pollo,1,67,,,,,
4,Martes,Antojitos,Hamburguesa Hawaiana,2,39,,,,,
5,Martes,Antojitos,Hamburguesa de Pollo,2,44,,,,,
6,Martes,Antojitos,Hamburguesa de doble carne,3,151,,,,,
7,Martes,Antojitos,Pambazos,4,107,,,,,
8,Martes,Postres,Helado de limon,3,185,,,,,
9,Martes,Bebidas,Boing de Guayaba 500ml,4,134,,,,,
10,Martes,Antojitos,Hamburguesa Hawaiana,1,46,,,,,
11,Martes,Bebidas,Boing de Guayaba 500ml,3,66,,,,,
12,Martes,Antojitos,Hamburguesa de pollo,1,35,,,,,
13,Martes,Postres,Helado de limon,1,41,,,,,
14,Martes,Antojitos,Hamburguesa de doble carne,5,74,,,,,
15,Martes,Bebidas,Boing Mango de 600 ml,5,111,,,,,
16,Martes,Antojitos,Burrito de Choriqueso,4,64,,,,,
17,Martes,Postres,Helado de fresa,1,49,,,,,
18,Martes,Antojitos,HotDog,5,56,,,,,
19,Martes,Antojitos,Pambazos,4,110,,,,,
20,Martes,Antojitos,Hamburguesa de Pollo,5,69,,,,,
21,Martes,Bebidas,Refresco Coca Cola 600 ml,1,37,,,,,
22,Martes,Postres,Helado de fresa,4,112,,,,,
23,Martes,Antojitos,HotDog,2,49,,,,,
24,Martes,Bebidas,Agua de limon 1L,3,91,,,,,
25,Martes,Antojitos,Hamburguesa de Pollo,4,169,,,,,
26,Martes,Bebidas,Boing de Guayaba 500ml,3,149,,,,,
27,Martes,Bebidas,Boing Mango de 600 ml,2,35,,,,,
28,Martes,Bebidas,Agua de limon 1L,5,222,,,,,
29,Martes,Postres,Helado de limon,4,77,,,,,
30,Martes,Antojitos,Burrito de Longaniza,5,80,,,,,
31,Martes,Bebidas,Agua de limon 1L,4,64,,,,,
32,Martes,Antojitos,Chalupas,5,228,,,,,
33,Martes,Antojitos,Papas Fritas,3,128,,,,,
34,Martes,Postres,Pastel de 3 leches,5,82,,,,,
35,Martes,Postres,Pay de limon,2,37,,,,,
36,Martes,Postres,Helado de fresa,2,44,,,,,
37,Martes,Postres,Helado de limon,4,116,,,,,
38,Martes,Antojitos,Hamburguesa de doble carne,5,57,,,,,
39,Martes,Bebidas,Boing Mango de 600 ml,1,47,,,,,
40,Martes,Bebidas,Agua de Horchata 1L,1,50,,,,,
41,Martes,Postres,Pastel de 3 leches,5,48,,,,,
42,Martes,Bebidas,Agua de limon 1L,2,37,,,,,
43,Martes,Bebidas,Boing de Guayaba 500ml,2,45,,,,,
44,Martes,Bebidas,Boing de Guayaba 500ml,5,239,,,,,
45,Martes,Antojitos,Hamburguesa de pollo,1,47,,,,,
46,Martes,Antojitos,HotDog,4,100,,,,,
47,Martes,Antojitos,Pambazos,4,124,,,,,
48,Martes,Antojitos,Hamburguesa sencilla,2,50,,,,,
49,Martes,Antojitos,Hamburguesa de pollo,4,148,,,,,
50,Martes,Antojitos,HotDog,3,192,,,,,
51,Martes,Antojitos,Pambazos,4,182,,,,,
52,Martes,Antojitos,Hamburguesa sencilla,3,132,,,,,
53,Martes,Antojitos,Hamburguesa de Pollo,3,63,,,,,
54,Martes,Bebidas,Agua de Horchata 1L,4,90,,,,,
55,Martes,Bebidas,Boing de Guayaba 500ml,4,186,,,,,
56,Martes,Antojitos,Burrito de Longaniza,2,45,,,,,
57,Martes,Postres,Helado de fresa,4,187,,,,,
58,Martes,Bebidas,Agua de limon 1L,3,122,,,,,
59,Martes,Postres,Helado de fresa,5,237,,,,,
60,Martes,Bebidas,Boing de Guayaba 500ml,1,42,,,,,
61,Martes,Antojitos,Pambazos,2,48,,,,,
62,Martes,Bebidas,Agua de limon 1L,4,144,,,,,
63,Martes,Antojitos,Hamburguesa de pollo,3,166,,,,,
64,Martes,Postres,Pay de limon,3,155,,,,,
65,Martes,Antojitos,Hamburguesa sencilla,5,231,,,,,
66,Martes,Bebidas,Agua de limon 1L,4,72,,,,,
67,Martes,Antojitos,Pambazos,5,64,,,,,
68,Martes,Antojitos,HotDog,5,192,,,,,
69,Martes,Antojitos,Hamburguesa de Pollo,1,44,,,,,
70,Martes,Postres,Helado de limon,1,42,,,,,
71,Martes,Antojitos,Hamburguesa Hawaiana,2,36,,,,,
72,Martes,Bebidas,Boing de Guayaba 500ml,1,36,,,,,
73,Martes,Bebidas,Boing Mango de 600 ml,2,38,,,,,
74,Martes,Bebidas,Agua de limon 1L,5,189,,,,,
75,Martes,Antojitos,Hamburguesa de doble carne,3,137,,,,,
76,Martes,Antojitos,Papas Fritas,3,110,,,,,
77,Martes,Antojitos,HotDog,3,99,,,,,
78,Martes,Antojitos,Burrito de Longaniza,1,42,,,,,
79,Martes,Bebidas,Agua de Jamaica 1L,1,40,,,,,
80,Martes,Antojitos,Hamburguesa Hawaiana,4,108,,,,,
81,Martes,Bebidas,Boing de Guayaba 500ml,4,92,,,,,
82,Martes,Antojitos,HotDog,3,79,,,,,
83,Martes,Bebidas,Boing Mango de 600 ml,4,169,,,,,
84,Martes,Postres,Pastel de 3 leches,4,116,,,,,
85,Martes,Postres,Helado de limon,3,94,,,,,
86,Martes,Bebidas,Boing Mango de 600 ml,3,166,,,,,
87,Martes,Bebidas,Refresco Coca Cola 600 ml,1,50,,,,,
88,Martes,Antojitos,Hamburguesa Hawaiana,5,172,,,,,
89,Martes,Bebidas,Boing de Guayaba 500ml,5,123,,,,,
90,Martes,Bebidas,Boing Mango de 600 ml,5,67,,,,,
91,Martes,Antojitos,Hamburguesa de doble carne,3,148,,,,,
92,Martes,Antojitos,HotDog,5,223,,,,,
93,Martes,Antojitos,Hamburguesa Hawaiana,4,141,,,,,
94,Martes,Bebidas,Agua de Jamaica 1L,3,171,,,,,
95,Martes,Postres,Helado de limon,5,115,,,,,
96,Martes,Antojitos,Hamburguesa Hawaiana,2,49,,,,,
97,Martes,Antojitos,Burrito de Choriqueso,5,235,,,,,
98,Martes,Antojitos,Hamburguesa de Pollo,4,193,,,,,
99,Martes,Antojitos,Hamburguesa Hawaiana,1,36,,,,,
100,Martes,Antojitos,Hamburguesa de Pollo,4,113,,,,,
101,Miercoles,Bebidas,Agua de Jamaica 1L,1,43,,,,,
102,Miercoles,Antojitos,Pambazos,5,131,,,,,
103,Miercoles,Antojitos,Burrito de Longaniza,4,100,,,,,
104,Miercoles,Antojitos,Hamburguesa sencilla,3,86,,,,,
105,Miercoles,Bebidas,Boing Mango de 600 ml,5,138,,,,,
106,Miercoles,Antojitos,Burrito de Longaniza,1,47,,,,,
107,Miercoles,Bebidas,Agua de Jamaica 1L,3,96,,,,,
108,Miercoles,Antojitos,Hamburguesa de Pollo,1,40,,,,,
109,Miercoles,Antojitos,Hamburguesa de doble carne,5,177,,,,,
110,Miercoles,Antojitos,HotDog,5,207,,,,,
111,Miercoles,Antojitos,Pambazos,2,38,,,,,
112,Miercoles,Bebidas,Refresco Coca Cola 600 ml,1,48,,,,,
113,Miercoles,Postres,Helado de fresa,4,66,,,,,
114,Miercoles,Bebidas,Agua de limon 1L,2,50,,,,,
115,Miercoles,Bebidas,Agua de Jamaica 1L,5,191,,,,,
116,Miercoles,Antojitos,Hamburguesa de pollo,1,39,,,,,
117,Miercoles,Postres,Helado de fresa,1,41,,,,,
118,Miercoles,Antojitos,Papas Fritas,3,103,,,,,
119,Miercoles,Antojitos,Hamburguesa de doble carne,1,50,,,,,
120,Miercoles,Antojitos,Hamburguesa Hawaiana,2,39,,,,,
121,Miercoles,Antojitos,Burrito de Longaniza,1,43,,,,,
122,Miercoles,Antojitos,Hamburguesa de doble carne,1,47,,,,,
123,Miercoles,Bebidas,Boing de Guayaba 500ml,2,37,,,,,
124,Miercoles,Postres,Helado de fresa,4,105,,,,,
125,Miercoles,Antojitos,Hamburguesa de pollo,2,44,,,,,
126,Miercoles,Antojitos,Papas Fritas,5,120,,,,,
127,Miercoles,Antojitos,Hamburguesa sencilla,1,35,,,,,
128,Miercoles,Postres,Helado de fresa,1,41,,,,,
129,Miercoles,Postres,Helado de fresa,1,46,,,,,
130,Miercoles,Bebidas,Boing de Guayaba 500ml,4,189,,,,,
131,Miercoles,Bebidas,Boing de Guayaba 500ml,1,49,,,,,
132,Miercoles,Bebidas,Refresco Coca Cola 600 ml,4,149,,,,,
133,Miercoles,Postres,Pastel de 3 leches,1,35,,,,,
134,Miercoles,Antojitos,Hamburguesa sencilla,2,40,,,,,
135,Miercoles,Antojitos,Hamburguesa de Pollo,1,36,,,,,
136,Miercoles,Antojitos,Papas Fritas,4,119,,,,,
137,Miercoles,Postres,Helado de fresa,5,195,,,,,
138,Miercoles,Postres,Pay de limon,3,99,,,,,
139,Miercoles,Bebidas,Refresco Coca Cola 600 ml,3,60,,,,,
140,Miercoles,Antojitos,Hamburguesa Hawaiana,4,110,,,,,
141,Miercoles,Bebidas,Refresco Coca Cola 600 ml,5,46,,,,,
142,Miercoles,Postres,Pay de limon,2,36,,,,,
143,Miercoles,Antojitos,Chalupas,2,35,,,,,
144,Miercoles,Bebidas,Boing Mango de 600 ml,3,177,,,,,
145,Miercoles,Antojitos,Hamburguesa de pollo,4,143,,,,,
146,Miercoles,Postres,Pay de limon,3,113,,,,,
147,Miercoles,Bebidas,Refresco Coca Cola 600 ml,4,78,,,,,
148,Miercoles,Postres,Pay de limon,4,106,,,,,
149,Miercoles,Bebidas,Boing Mango de 600 ml,2,38,,,,,
150,Miercoles,Antojitos,Hamburguesa Hawaiana,5,104,,,,,
151,Miercoles,Antojitos,Pambazos,1,42,,,,,
152,Miercoles,Bebidas,Refresco Coca Cola 600 ml,1,47,,,,,
153,Miercoles,Postres,Helado de limon,5,223,,,,,
154,Miercoles,Postres,Pay de limon,2,39,,,,,
155,Miercoles,Bebidas,Agua de Jamaica 1L,4,82,,,,,
156,Miercoles,Bebidas,Refresco Coca Cola 600 ml,2,47,,,,,
157,Miercoles,Antojitos,Chalupas,1,47,,,,,
158,Miercoles,Bebidas,Boing Mango de 600 ml,1,47,,,,,
159,Miercoles,Bebidas,Agua de limon 1L,3,108,,,,,
160,Miercoles,Antojitos,Papas Fritas,4,74,,,,,
161,Miercoles,Bebidas,Agua de Horchata 1L,2,35,,,,,
162,Miercoles,Bebidas,Agua de Jamaica 1L,3,146,,,,,
163,Miercoles,Antojitos,Burrito de Choriqueso,2,49,,,,,
164,Miercoles,Antojitos,Hamburguesa de pollo,3,107,,,,,
165,Miercoles,Antojitos,Hamburguesa de Pollo,4,153,,,,,
166,Miercoles,Antojitos,Hamburguesa de pollo,2,48,,,,,
167,Miercoles,Postres,Pay de limon,5,180,,,,,
168,Miercoles,Postres,Helado de limon,3,153,,,,,
169,Miercoles,Antojitos,Hamburguesa Hawaiana,2,47,,,,,
170,Miercoles,Antojitos,Hamburguesa Hawaiana,1,42,,,,,
171,Miercoles,Antojitos,Chalupas,5,131,,,,,
172,Miercoles,Bebidas,Agua de Horchata 1L,3,60,,,,,
173,Miercoles,Antojitos,Chalupas,3,111,,,,,
174,Miercoles,Antojitos,Pambazos,2,37,,,,,
175,Miercoles,Bebidas,Agua de Horchata 1L,3,166,,,,,
176,Miercoles,Antojitos,HotDog,1,39,,,,,
177,Miercoles,Postres,Pay de limon,5,97,,,,,
178,Miercoles,Bebidas,Agua de Horchata 1L,5,155,,,,,
179,Miercoles,Bebidas,Boing Mango de 600 ml,2,37,,,,,
180,Miercoles,Postres,Helado de fresa,5,116,,,,,
181,Miercoles,Antojitos,Hamburguesa de doble carne,4,167,,,,,
182,Miercoles,Bebidas,Boing Mango de 600 ml,3,139,,,,,
183,Miercoles,Antojitos,Hamburguesa Hawaiana,2,39,,,,,
184,Miercoles,Postres,Helado de limon,1,35,,,,,
185,Miercoles,Antojitos,Hamburguesa de pollo,3,121,,,,,
186,Miercoles,Antojitos,Burrito de Longaniza,3,82,,,,,
187,Miercoles,Bebidas,Boing Mango de 600 ml,5,168,,,,,
188,Miercoles,Bebidas,Boing de Guayaba 500ml,1,44,,,,,
189,Miercoles,Antojitos,Chalupas,2,40,,,,,
190,Miercoles,Antojitos,Hamburguesa de Pollo,2,36,,,,,
191,Miercoles,Antojitos,Hamburguesa sencilla,2,41,,,,,
192,Miercoles,Antojitos,Papas Fritas,4,148,,,,,
193,Miercoles,Antojitos,Hamburguesa sencilla,5,68,,,,,
194,Miercoles,Bebidas,Refresco Coca Cola 600 ml,4,113,,,,,
195,Miercoles,Antojitos,Hamburguesa sencilla,2,36,,,,,
196,Miercoles,Postres,Pay de limon,3,89,,,,,
197,Miercoles,Antojitos,Burrito de Choriqueso,1,44,,,,,
198,Miercoles,Antojitos,HotDog,4,138,,,,,
199,Miercoles,Antojitos,Chalupas,1,44,,,,,
200,Miercoles,Antojitos,Hamburguesa sencilla,2,36,,,,,
201,Jueves,Antojitos,HotDog,4,86,,,,,
202,Jueves,Bebidas,Refresco Coca Cola 600 ml,5,121,,,,,
203,Jueves,Antojitos,Hamburguesa sencilla,2,48,,,,,
204,Jueves,Antojitos,Hamburguesa Hawaiana,5,103,,,,,
205,Jueves,Antojitos,Burrito de Longaniza,4,79,,,,,
206,Jueves,Bebidas,Refresco Coca Cola 600 ml,3,88,,,,,
207,Jueves,Antojitos,Hamburguesa de Pollo,3,137,,,,,
208,Jueves,Bebidas,Agua de Jamaica 1L,4,123,,,,,
209,Jueves,Bebidas,Agua de Jamaica 1L,5,229,,,,,
210,Jueves,Postres,Helado de limon,4,63,,,,,
211,Jueves,Postres,Helado de limon,5,152,,,,,
212,Jueves,Antojitos,Burrito de Choriqueso,1,43,,,,,
213,Jueves,Bebidas,Boing Mango de 600 ml,5,141,,,,,
214,Jueves,Bebidas,Agua de Jamaica 1L,3,88,,,,,
215,Jueves,Antojitos,Burrito de Longaniza,2,43,,,,,
216,Jueves,Bebidas,Agua de Jamaica 1L,1,39,,,,,
217,Jueves,Antojitos,Hamburguesa Hawaiana,4,169,,,,,
218,Jueves,Antojitos,Hamburguesa de doble carne,5,103,,,,,
219,Jueves,Antojitos,Hamburguesa de pollo,1,44,,,,,
220,Jueves,Bebidas,Refresco Coca Cola 600 ml,3,198,,,,,
221,Jueves,Antojitos,HotDog,5,174,,,,,
222,Jueves,Postres,Pay de limon,5,119,,,,,
223,Jueves,Antojitos,Papas Fritas,2,48,,,,,
224,Jueves,Postres,Helado de fresa,3,166,,,,,
225,Jueves,Postres,Helado de limon,2,35,,,,,
226,Jueves,Bebidas,Boing de Guayaba 500ml,4,159,,,,,
227,Jueves,Antojitos,HotDog,1,42,,,,,
228,Jueves,Postres,Helado de fresa,4,164,,,,,
229,Jueves,Antojitos,Hamburguesa de Pollo,2,37,,,,,
230,Jueves,Antojitos,Hamburguesa Hawaiana,3,115,,,,,
231,Jueves,Antojitos,HotDog,2,42,,,,,
232,Jueves,Antojitos,Hamburguesa sencilla,1,50,,,,,
233,Jueves,Antojitos,Burrito de Longaniza,1,40,,,,,
234,Jueves,Bebidas,Refresco Coca Cola 600 ml,4,133,,,,,
235,Jueves,Antojitos,Hamburguesa de pollo,4,120,,,,,
236,Jueves,Antojitos,Burrito de Choriqueso,1,45,,,,,
237,Jueves,Bebidas,Agua de Jamaica 1L,5,237,,,,,
238,Jueves,Bebidas,Refresco Coca Cola 600 ml,4,77,,,,,
239,Jueves,Antojitos,Hamburguesa de doble carne,2,43,,,,,
240,Jueves,Antojitos,Pambazos,1,36,,,,,
241,Jueves,Postres,Pastel de 3 leches,2,48,,,,,
242,Jueves,Antojitos,Hamburguesa de pollo,1,37,,,,,
243,Jueves,Antojitos,Chalupas,4,176,,,,,
244,Jueves,Antojitos,Hamburguesa de Pollo,2,48,,,,,
245,Jueves,Postres,Pastel de 3 leches,4,64,,,,,
246,Jueves,Bebidas,Agua de Horchata 1L,1,48,,,,,
247,Jueves,Bebidas,Agua de Horchata 1L,1,37,,,,,
248,Jueves,Antojitos,Burrito de Longaniza,2,35,,,,,
249,Jueves,Antojitos,Hamburguesa de doble carne,5,201,,,,,
250,Jueves,Antojitos,Hamburguesa de Pollo,1,43,,,,,
251,Jueves,Antojitos,Hamburguesa sencilla,5,167,,,,,
252,Jueves,Antojitos,HotDog,1,39,,,,,
253,Jueves,Bebidas,Agua de Horchata 1L,1,35,,,,,
254,Jueves,Antojitos,Hamburguesa sencilla,1,47,,,,,
255,Jueves,Antojitos,Burrito de Choriqueso,3,152,,,,,
256,Jueves,Bebidas,Refresco Coca Cola 600 ml,5,179,,,,,
257,Jueves,Postres,Pastel de 3 leches,2,41,,,,,
258,Jueves,Antojitos,Pambazos,2,44,,,,,
259,Jueves,Postres,Pastel de 3 leches,3,100,,,,,
260,Jueves,Antojitos,Hamburguesa Hawaiana,5,233,,,,,
261,Jueves,Postres,Pay de limon,3,63,,,,,
262,Jueves,Bebidas,Agua de Jamaica 1L,1,40,,,,,
263,Jueves,Antojitos,Hamburguesa de doble carne,3,135,,,,,
264,Jueves,Postres,Pay de limon,5,211,,,,,
265,Jueves,Antojitos,Burrito de Choriqueso,1,49,,,,,
266,Jueves,Antojitos,Hamburguesa de Pollo,4,150,,,,,
267,Jueves,Postres,Pay de limon,1,44,,,,,
268,Jueves,Postres,Helado de fresa,4,196,,,,,
269,Jueves,Bebidas,Agua de limon 1L,4,123,,,,,
270,Jueves,Bebidas,Boing de Guayaba 500ml,1,47,,,,,
271,Jueves,Antojitos,Hamburguesa de doble carne,4,96,,,,,
272,Jueves,Antojitos,Burrito de Choriqueso,5,137,,,,,
273,Jueves,Postres,Helado de limon,1,39,,,,,
274,Jueves,Bebidas,Agua de Jamaica 1L,5,91,,,,,
275,Jueves,Postres,Helado de fresa,5,204,,,,,
276,Jueves,Antojitos,Burrito de Longaniza,1,44,,,,,
277,Jueves,Antojitos,Hamburguesa de Pollo,3,124,,,,,
278,Jueves,Bebidas,Agua de Horchata 1L,1,50,,,,,
279,Jueves,Antojitos,Burrito de Longaniza,1,42,,,,,
280,Jueves,Antojitos,Burrito de Choriqueso,5,92,,,,,
281,Jueves,Antojitos,Hamburguesa de doble carne,3,173,,,,,
282,Jueves,Antojitos,Burrito de Choriqueso,3,117,,,,,
283,Jueves,Bebidas,Boing Mango de 600 ml,5,148,,,,,
284,Jueves,Bebidas,Agua de limon 1L,1,50,,,,,
285,Jueves,Postres,Helado de limon,2,45,,,,,
286,Jueves,Postres,Pastel de 3 leches,3,180,,,,,
287,Jueves,Postres,Helado de limon,5,105,,,,,
288,Jueves,Bebidas,Agua de Jamaica 1L,3,165,,,,,
289,Jueves,Antojitos,Papas Fritas,5,62,,,,,
290,Jueves,Antojitos,Hamburguesa sencilla,2,46,,,,,
291,Jueves,Bebidas,Refresco Coca Cola 600 ml,3,182,,,,,
292,Jueves,Antojitos,HotDog,5,199,,,,,
293,Jueves,Antojitos,Pambazos,3,185,,,,,
294,Jueves,Antojitos,Hamburguesa Hawaiana,3,96,,,,,
295,Jueves,Antojitos,Pambazos,5,72,,,,,
296,Jueves,Antojitos,Burrito de Choriqueso,2,45,,,,,
297,Jueves,Bebidas,Boing Mango de 600 ml,4,64,,,,,
298,Jueves,Antojitos,Burrito de Longaniza,5,51,,,,,
299,Jueves,Antojitos,Hamburguesa de doble carne,5,217,,,,,
300,Jueves,Antojitos,Papas Fritas,4,103,,,,,
301,Viernes,Postres,Helado de limon,4,153,,,,,
302,Viernes,Bebidas,Agua de limon 1L,1,39,,,,,
303,Viernes,Bebidas,Agua de limon 1L,2,49,,,,,
304,Viernes,Postres,Pay de limon,1,46,,,,,
305,Viernes,Antojitos,Chalupas,4,82,,,,,
306,Viernes,Bebidas,Agua de Horchata 1L,5,194,,,,,
307,Viernes,Antojitos,Hamburguesa de pollo,1,44,,,,,
308,Viernes,Postres,Pay de limon,3,96,,,,,
309,Viernes,Antojitos,Papas Fritas,5,83,,,,,
310,Viernes,Antojitos,Hamburguesa de Pollo,2,46,,,,,
311,Viernes,Bebidas,Boing de Guayaba 500ml,4,162,,,,,
312,Viernes,Antojitos,Chalupas,3,171,,,,,
313,Viernes,Antojitos,Hamburguesa de pollo,1,46,,,,,
314,Viernes,Bebidas,Agua de Jamaica 1L,5,187,,,,,
315,Viernes,Postres,Helado de fresa,5,74,,,,,
316,Viernes,Bebidas,Agua de Horchata 1L,2,36,,,,,
317,Viernes,Antojitos,Papas Fritas,3,122,,,,,
318,Viernes,Antojitos,Papas Fritas,4,99,,,,,
319,Viernes,Postres,Pastel de 3 leches,4,139,,,,,
320,Viernes,Antojitos,Burrito de Choriqueso,1,42,,,,,
321,Viernes,Antojitos,Hamburguesa de pollo,5,105,,,,,
322,Viernes,Antojitos,Hamburguesa de pollo,2,45,,,,,
323,Viernes,Bebidas,Agua de Horchata 1L,4,152,,,,,
324,Viernes,Antojitos,Papas Fritas,2,40,,,,,
325,Viernes,Antojitos,Hamburguesa de Pollo,2,41,,,,,
326,Viernes,Postres,Pastel de 3 leches,3,123,,,,,
327,Viernes,Antojitos,Burrito de Choriqueso,3,195,,,,,
328,Viernes,Bebidas,Refresco Coca Cola 600 ml,1,38,,,,,
329,Viernes,Bebidas,Agua de Jamaica 1L,5,114,,,,,
330,Viernes,Antojitos,Pambazos,5,101,,,,,
331,Viernes,Postres,Helado de fresa,4,111,,,,,
332,Viernes,Bebidas,Boing de Guayaba 500ml,1,41,,,,,
333,Viernes,Bebidas,Boing Mango de 600 ml,4,167,,,,,
334,Viernes,Antojitos,Hamburguesa de pollo,1,38,,,,,
335,Viernes,Antojitos,Hamburguesa Hawaiana,1,44,,,,,
336,Viernes,Bebidas,Agua de Horchata 1L,5,60,,,,,
337,Viernes,Antojitos,Papas Fritas,1,42,,,,,
338,Viernes,Bebidas,Agua de Horchata 1L,5,197,,,,,
339,Viernes,Antojitos,Pambazos,2,41,,,,,
340,Viernes,Antojitos,Hamburguesa de doble carne,2,46,,,,,
341,Viernes,Antojitos,Chalupas,3,116,,,,,
342,Viernes,Antojitos,Burrito de Choriqueso,2,36,,,,,
343,Viernes,Antojitos,HotDog,1,43,,,,,
344,Viernes,Antojitos,Burrito de Longaniza,4,197,,,,,
345,Viernes,Bebidas,Agua de Jamaica 1L,5,45,,,,,
346,Viernes,Bebidas,Boing Mango de 600 ml,4,93,,,,,
347,Viernes,Postres,Pay de limon,5,191,,,,,
348,Viernes,Postres,Helado de fresa,5,113,,,,,
349,Viernes,Antojitos,Pambazos,5,200,,,,,
350,Viernes,Postres,Pastel de 3 leches,5,137,,,,,
351,Viernes,Bebidas,Refresco Coca Cola 600 ml,4,184,,,,,
352,Viernes,Antojitos,Hamburguesa de pollo,4,81,,,,,
353,Viernes,Antojitos,Papas Fritas,3,113,,,,,
354,Viernes,Antojitos,Hamburguesa sencilla,3,87,,,,,
355,Viernes,Antojitos,Chalupas,4,66,,,,,
356,Viernes,Antojitos,Hamburguesa de pollo,1,45,,,,,
357,Viernes,Bebidas,Boing Mango de 600 ml,1,46,,,,,
358,Viernes,Antojitos,Hamburguesa de Pollo,2,45,,,,,
359,Viernes,Antojitos,Chalupas,2,46,,,,,
360,Viernes,Antojitos,Hamburguesa sencilla,4,80,,,,,
361,Viernes,Antojitos,Hamburguesa de pollo,5,52,,,,,
362,Viernes,Antojitos,Hamburguesa de doble carne,1,45,,,,,
363,Viernes,Antojitos,Papas Fritas,5,109,,,,,
364,Viernes,Antojitos,Burrito de Choriqueso,1,44,,,,,
365,Viernes,Antojitos,Hamburguesa de Pollo,1,44,,,,,
366,Viernes,Antojitos,Pambazos,4,76,,,,,
367,Viernes,Bebidas,Agua de Horchata 1L,3,65,,,,,
368,Viernes,Bebidas,Refresco Coca Cola 600 ml,2,39,,,,,
369,Viernes,Antojitos,Hamburguesa de doble carne,1,49,,,,,
370,Viernes,Antojitos,HotDog,3,153,,,,,
371,Viernes,Antojitos,HotDog,5,212,,,,,
372,Viernes,Antojitos,Hamburguesa de Pollo,5,54,,,,,
373,Viernes,Antojitos,Hamburguesa sencilla,1,42,,,,,
374,Viernes,Antojitos,Hamburguesa de doble carne,2,47,,,,,
375,Viernes,Bebidas,Boing de Guayaba 500ml,5,150,,,,,
376,Viernes,Bebidas,Agua de Horchata 1L,5,148,,,,,
377,Viernes,Bebidas,Boing de Guayaba 500ml,1,45,,,,,
378,Viernes,Bebidas,Agua de Horchata 1L,5,182,,,,,
379,Viernes,Postres,Helado de limon,3,146,,,,,
380,Viernes,Bebidas,Boing de Guayaba 500ml,2,45,,,,,
381,Viernes,Bebidas,Agua de Jamaica 1L,3,62,,,,,
382,Viernes,Bebidas,Refresco Coca Cola 600 ml,3,119,,,,,
383,Viernes,Bebidas,Boing Mango de 600 ml,1,47,,,,,
384,Viernes,Antojitos,Hamburguesa Hawaiana,3,111,,,,,
385,Viernes,Postres,Pastel de 3 leches,3,177,,,,,
386,Viernes,Antojitos,Hamburguesa sencilla,4,66,,,,,
387,Viernes,Antojitos,Papas Fritas,1,44,,,,,
388,Viernes,Antojitos,Hamburguesa sencilla,2,40,,,,,
389,Viernes,Antojitos,Chalupas,4,108,,,,,
390,Viernes,Antojitos,Hamburguesa de Pollo,5,201,,,,,
391,Viernes,Antojitos,Burrito de Choriqueso,5,107,,,,,
392,Viernes,Bebidas,Agua de Horchata 1L,2,35,,,,,
393,Viernes,Bebidas,Agua de Horchata 1L,5,174,,,,,
394,Viernes,Antojitos,Burrito de Longaniza,3,176,,,,,
395,Viernes,Postres,Pastel de 3 leches,5,236,,,,,
396,Viernes,Bebidas,Boing de Guayaba 500ml,3,197,,,,,
397,Viernes,Antojitos,Papas Fritas,1,41,,,,,
398,Viernes,Postres,Pastel de 3 leches,4,199,,,,,
399,Viernes,Bebidas,Boing Mango de 600 ml,5,75,,,,,
400,Viernes,Bebidas,Agua de limon 1L,5,69,,,,,
401,Sabado,Antojitos,Pambazos,5,45,,,,,
402,Sabado,Postres,Helado de fresa,1,36,,,,,
403,Sabado,Postres,Pay de limon,1,46,,,,,
404,Sabado,Postres,Helado de limon,3,199,,,,,
405,Sabado,Antojitos,Papas Fritas,5,87,,,,,
406,Sabado,Antojitos,Hamburguesa sencilla,3,187,,,,,
407,Sabado,Antojitos,Hamburguesa de pollo,1,38,,,,,
408,Sabado,Antojitos,Hamburguesa Hawaiana,5,174,,,,,
409,Sabado,Bebidas,Agua de Horchata 1L,5,45,,,,,
410,Sabado,Postres,Pastel de 3 leches,3,182,,,,,
411,Sabado,Antojitos,Burrito de Choriqueso,1,50,,,,,
412,Sabado,Postres,Pastel de 3 leches,1,36,,,,,
413,Sabado,Antojitos,Chalupas,5,110,,,,,
414,Sabado,Postres,Pastel de 3 leches,4,65,,,,,
415,Sabado,Bebidas,Refresco Coca Cola 600 ml,4,103,,,,,
416,Sabado,Antojitos,Pambazos,1,39,,,,,
417,Sabado,Bebidas,Agua de limon 1L,1,47,,,,,
418,Sabado,Antojitos,Papas Fritas,5,184,,,,,
419,Sabado,Postres,Pay de limon,5,134,,,,,
420,Sabado,Postres,Pastel de 3 leches,3,142,,,,,
421,Sabado,Bebidas,Agua de limon 1L,5,206,,,,,
422,Sabado,Antojitos,Hamburguesa sencilla,4,156,,,,,
423,Sabado,Antojitos,Pambazos,3,76,,,,,
424,Sabado,Antojitos,Hamburguesa Hawaiana,4,141,,,,,
425,Sabado,Antojitos,Hamburguesa de doble carne,1,42,,,,,
426,Sabado,Postres,Helado de limon,4,117,,,,,
427,Sabado,Bebidas,Refresco Coca Cola 600 ml,3,123,,,,,
428,Sabado,Antojitos,Hamburguesa de pollo,5,83,,,,,
429,Sabado,Antojitos,Papas Fritas,1,38,,,,,
430,Sabado,Bebidas,Agua de Horchata 1L,2,35,,,,,
431,Sabado,Antojitos,Burrito de Longaniza,5,135,,,,,
432,Sabado,Antojitos,Burrito de Choriqueso,3,169,,,,,
433,Sabado,Bebidas,Agua de limon 1L,1,49,,,,,
434,Sabado,Postres,Helado de limon,4,103,,,,,
435,Sabado,Antojitos,Burrito de Choriqueso,5,57,,,,,
436,Sabado,Antojitos,Hamburguesa de pollo,5,53,,,,,
437,Sabado,Bebidas,Agua de Jamaica 1L,1,44,,,,,
438,Sabado,Bebidas,Boing de Guayaba 500ml,3,184,,,,,
439,Sabado,Postres,Pay de limon,3,105,,,,,
440,Sabado,Postres,Pay de limon,3,130,,,,,
441,Sabado,Bebidas,Agua de Horchata 1L,5,162,,,,,
442,Sabado,Bebidas,Agua de limon 1L,1,46,,,,,
443,Sabado,Bebidas,Agua de Jamaica 1L,1,40,,,,,
444,Sabado,Antojitos,HotDog,5,247,,,,,
445,Sabado,Antojitos,Hamburguesa de pollo,3,154,,,,,
446,Sabado,Antojitos,Burrito de Longaniza,1,45,,,,,
447,Sabado,Antojitos,Hamburguesa Hawaiana,2,49,,,,,
448,Sabado,Antojitos,Pambazos,3,149,,,,,
449,Sabado,Postres,Helado de fresa,1,42,,,,,
450,Sabado,Bebidas,Boing Mango de 600 ml,2,39,,,,,
451,Sabado,Bebidas,Agua de Horchata 1L,4,126,,,,,
452,Sabado,Bebidas,Agua de limon 1L,5,68,,,,,
453,Sabado,Antojitos,Papas Fritas,4,153,,,,,
454,Sabado,Bebidas,Agua de Jamaica 1L,3,148,,,,,
455,Sabado,Bebidas,Refresco Coca Cola 600 ml,2,37,,,,,
456,Sabado,Antojitos,Papas Fritas,2,36,,,,,
457,Sabado,Antojitos,Hamburguesa de doble carne,2,47,,,,,
458,Sabado,Bebidas,Boing de Guayaba 500ml,4,164,,,,,
459,Sabado,Antojitos,Burrito de Choriqueso,2,38,,,,,
460,Sabado,Antojitos,Hamburguesa de pollo,1,38,,,,,
461,Sabado,Antojitos,Chalupas,4,74,,,,,
462,Sabado,Antojitos,Hamburguesa de pollo,4,108,,,,,
463,Sabado,Postres,Pastel de 3 leches,4,184,,,,,
464,Sabado,Postres,Helado de fresa,3,166,,,,,
465,Sabado,Bebidas,Boing de Guayaba 500ml,2,47,,,,,
466,Sabado,Postres,Pastel de 3 leches,5,108,,,,,
467,Sabado,Antojitos,Hamburguesa de Pollo,4,159,,,,,
468,Sabado,Antojitos,Chalupas,1,46,,,,,
469,Sabado,Antojitos,Burrito de Choriqueso,4,149,,,,,
470,Sabado,Bebidas,Agua de limon 1L,5,215,,,,,
471,Sabado,Antojitos,Chalupas,2,46,,,,,
472,Sabado,Bebidas,Agua de Horchata 1L,4,170,,,,,
473,Sabado,Bebidas,Boing de Guayaba 500ml,1,41,,,,,
474,Sabado,Antojitos,Hamburguesa de doble carne,5,165,,,,,
475,Sabado,Antojitos,Hamburguesa de pollo,4,118,,,,,
476,Sabado,Antojitos,Hamburguesa Hawaiana,4,131,,,,,
477,Sabado,Antojitos,Pambazos,4,171,,,,,
478,Sabado,Antojitos,HotDog,4,85,,,,,
479,Sabado,Antojitos,Hamburguesa sencilla,5,46,,,,,
480,Sabado,Postres,Helado de limon,3,76,,,,,
481,Sabado,Antojitos,Hamburguesa de doble carne,2,40,,,,,
482,Sabado,Postres,Helado de fresa,3,197,,,,,
483,Sabado,Postres,Helado de fresa,3,100,,,,,
484,Sabado,Antojitos,Hamburguesa sencilla,5,240,,,,,
485,Sabado,Postres,Pastel de 3 leches,2,50,,,,,
486,Sabado,Antojitos,Pambazos,4,183,,,,,
487,Sabado,Antojitos,Burrito de Choriqueso,2,36,,,,,
488,Sabado,Postres,Pay de limon,5,233,,,,,
489,Sabado,Antojitos,Hamburguesa sencilla,4,92,,,,,
490,Sabado,Antojitos,Hamburguesa de doble carne,1,46,,,,,
491,Sabado,Bebidas,Agua de limon 1L,3,147,,,,,
492,Sabado,Antojitos,HotDog,3,110,,,,,
493,Sabado,Antojitos,Hamburguesa sencilla,4,106,,,,,
494,Sabado,Bebidas,Agua de Horchata 1L,2,45,,,,,
495,Sabado,Postres,Pastel de 3 leches,5,96,,,,,
496,Sabado,Antojitos,Burrito de Longaniza,1,49,,,,,
497,Sabado,Postres,Pastel de 3 leches,1,48,,,,,
498,Sabado,Antojitos,Hamburguesa de doble carne,2,49,,,,,
499,Sabado,Postres,Pastel de 3 leches,1,37,,,,,
500,Sabado,Antojitos,Hamburguesa de pollo,4,110,,,,,
501,Domingo,Bebidas,Agua de limon 1L,5,76,,,,,
502,Domingo,Antojitos,Hamburguesa Hawaiana,1,45,,,,,
503,Domingo,Postres,Helado de fresa,3,185,,,,,
504,Domingo,Antojitos,Pambazos,4,67,,,,,
505,Domingo,Postres,Pay de limon,2,50,,,,,
506,Domingo,Bebidas,Agua de Jamaica 1L,5,51,,,,,
507,Domingo,Bebidas,Boing Mango de 600 ml,2,48,,,,,
508,Domingo,Bebidas,Boing Mango de 600 ml,1,41,,,,,
509,Domingo,Antojitos,HotDog,4,130,,,,,
510,Domingo,Bebidas,Boing de Guayaba 500ml,2,45,,,,,
511,Domingo,Antojitos,Burrito de Choriqueso,5,166,,,,,
512,Domingo,Antojitos,Hamburguesa de Pollo,2,48,,,,,
513,Domingo,Bebidas,Agua de limon 1L,1,42,,,,,
514,Domingo,Antojitos,Hamburguesa de pollo,2,45,,,,,
515,Domingo,Postres,Pastel de 3 leches,3,180,,,,,
516,Domingo,Postres,Pay de limon,2,44,,,,,
517,Domingo,Bebidas,Boing Mango de 600 ml,2,36,,,,,
518,Domingo,Antojitos,Hamburguesa Hawaiana,5,52,,,,,
519,Domingo,Antojitos,Burrito de Choriqueso,2,36,,,,,
520,Domingo,Postres,Pay de limon,4,133,,,,,
521,Domingo,Antojitos,Chalupas,3,149,,,,,
522,Domingo,Bebidas,Refresco Coca Cola 600 ml,3,86,,,,,
523,Domingo,Antojitos,Hamburguesa Hawaiana,4,71,,,,,
524,Domingo,Postres,Helado de limon,3,73,,,,,
525,Domingo,Antojitos,Hamburguesa de Pollo,3,184,,,,,
526,Domingo,Antojitos,Hamburguesa de doble carne,3,162,,,,,
527,Domingo,Antojitos,Burrito de Longaniza,3,164,,,,,
528,Domingo,Postres,Helado de limon,2,41,,,,,
529,Domingo,Bebidas,Agua de limon 1L,5,122,,,,,
530,Domingo,Antojitos,Burrito de Longaniza,3,103,,,,,
531,Domingo,Bebidas,Agua de limon 1L,1,35,,,,,
532,Domingo,Bebidas,Boing Mango de 600 ml,1,47,,,,,
533,Domingo,Antojitos,HotDog,4,193,,,,,
534,Domingo,Postres,Pay de limon,1,41,,,,,
535,Domingo,Bebidas,Refresco Coca Cola 600 ml,5,170,,,,,
536,Domingo,Antojitos,Hamburguesa de doble carne,5,109,,,,,
537,Domingo,Bebidas,Boing Mango de 600 ml,2,43,,,,,
538,Domingo,Antojitos,Hamburguesa de pollo,1,49,,,,,
539,Domingo,Bebidas,Boing Mango de 600 ml,4,186,,,,,
540,Domingo,Antojitos,HotDog,4,117,,,,,
541,Domingo,Antojitos,Chalupas,5,229,,,,,
542,Domingo,Antojitos,HotDog,4,157,,,,,
543,Domingo,Antojitos,Chalupas,4,85,,,,,
544,Domingo,Postres,Helado de fresa,1,44,,,,,
545,Domingo,Antojitos,HotDog,1,45,,,,,
546,Domingo,Postres,Pastel de 3 leches,3,63,,,,,
547,Domingo,Antojitos,Papas Fritas,3,105,,,,,
548,Domingo,Antojitos,Hamburguesa de Pollo,1,44,,,,,
549,Domingo,Antojitos,HotDog,4,187,,,,,
550,Domingo,Antojitos,Hamburguesa de Pollo,4,187,,,,,
551,Domingo,Antojitos,Hamburguesa sencilla,4,113,,,,,
552,Domingo,Antojitos,Papas Fritas,3,186,,,,,
553,Domingo,Postres,Helado de limon,5,90,,,,,
554,Domingo,Antojitos,Pambazos,1,41,,,,,
555,Domingo,Bebidas,Agua de Horchata 1L,5,210,,,,,
556,Domingo,Antojitos,Papas Fritas,4,110,,,,,
557,Domingo,Postres,Pay de limon,3,167,,,,,
558,Domingo,Antojitos,Chalupas,2,37,,,,,
559,Domingo,Antojitos,Hamburguesa sencilla,1,47,,,,,
560,Domingo,Antojitos,Chalupas,3,111,,,,,
561,Domingo,Antojitos,Burrito de Choriqueso,5,86,,,,,
562,Domingo,Postres,Helado de limon,2,35,,,,,
563,Domingo,Antojitos,Hamburguesa sencilla,5,123,,,,,
564,Domingo,Bebidas,Boing Mango de 600 ml,4,186,,,,,
565,Domingo,Bebidas,Boing Mango de 600 ml,3,66,,,,,
566,Domingo,Postres,Helado de fresa,2,37,,,,,
567,Domingo,Antojitos,Burrito de Choriqueso,5,84,,,,,
568,Domingo,Postres,Pay de limon,2,39,,,,,
569,Domingo,Antojitos,Chalupas,4,83,,,,,
570,Domingo,Antojitos,Papas Fritas,5,149,,,,,
571,Domingo,Bebidas,Agua de limon 1L,1,36,,,,,
572,Domingo,Postres,Helado de limon,3,156,,,,,
573,Domingo,Antojitos,Burrito de Choriqueso,1,41,,,,,
574,Domingo,Antojitos,Hamburguesa de Pollo,3,74,,,,,
575,Domingo,Antojitos,Burrito de Longaniza,3,154,,,,,
576,Domingo,Antojitos,Hamburguesa de doble carne,2,35,,,,,
577,Domingo,Bebidas,Refresco Coca Cola 600 ml,2,39,,,,,
578,Domingo,Antojitos,Hamburguesa de pollo,3,137,,,,,
579,Domingo,Antojitos,Burrito de Choriqueso,4,102,,,,,
580,Domingo,Bebidas,Agua de limon 1L,5,218,,,,,
581,Domingo,Bebidas,Agua de limon 1L,1,44,,,,,
582,Domingo,Bebidas,Agua de Jamaica 1L,3,152,,,,,
583,Domingo,Antojitos,Chalupas,1,41,,,,,
584,Domingo,Antojitos,Chalupas,1,39,,,,,
585,Domingo,Antojitos,Hamburguesa de Pollo,3,200,,,,,
586,Domingo,Postres,Helado de fresa,4,169,,,,,
587,Domingo,Antojitos,Burrito de Choriqueso,4,198,,,,,
588,Domingo,Postres,Pastel de 3 leches,3,109,,,,,
589,Domingo,Postres,Pay de limon,3,75,,,,,
590,Domingo,Antojitos,Papas Fritas,5,245,,,,,
591,Domingo,Antojitos,HotDog,1,44,,,,,
592,Domingo,Bebidas,Agua de limon 1L,4,80,,,,,
593,Domingo,Antojitos,Hamburguesa de doble carne,4,150,,,,,
594,Domingo,Antojitos,Hamburguesa sencilla,2,44,,,,,
595,Domingo,Bebidas,Agua de Jamaica 1L,1,36,,,,,
596,Domingo,Antojitos,Hamburguesa Hawaiana,4,94,,,,,
597,Domingo,Antojitos,Chalupas,2,48,,,,,
598,Domingo,Antojitos,Chalupas,5,236,,,,,
599,Domingo,Antojitos,Burrito de Longaniza,1,37,,,,,
600,Domingo,Postres,Pastel de 3 leches,5,118,,,,,
601,Lunes,Antojitos,Hamburguesa de Pollo,4,67,,,,,
602,Lunes,Bebidas,Agua de Jamaica 1L,3,87,,,,,
603,Lunes,Bebidas,Agua de Horchata 1L,1,47,,,,,
604,Lunes,Bebidas,Agua de Jamaica 1L,2,44,,,,,
605,Lunes,Bebidas,Agua de Jamaica 1L,1,35,,,,,
606,Lunes,Postres,Pay de limon,5,150,,,,,
607,Lunes,Antojitos,Burrito de Longaniza,1,47,,,,,
608,Lunes,Postres,Pastel de 3 leches,5,180,,,,,
609,Lunes,Antojitos,Hamburguesa de doble carne,5,91,,,,,
610,Lunes,Antojitos,Hamburguesa sencilla,3,158,,,,,
611,Lunes,Antojitos,Burrito de Longaniza,5,234,,,,,
612,Lunes,Antojitos,Hamburguesa de Pollo,3,91,,,,,
613,Lunes,Antojitos,Pambazos,2,46,,,,,
614,Lunes,Antojitos,Chalupas,2,39,,,,,
615,Lunes,Bebidas,Boing de Guayaba 500ml,4,106,,,,,
616,Lunes,Bebidas,Agua de Jamaica 1L,3,200,,,,,
617,Lunes,Postres,Helado de limon,5,76,,,,,
618,Lunes,Postres,Helado de fresa,4,105,,,,,
619,Lunes,Antojitos,Pambazos,4,154,,,,,
620,Lunes,Antojitos,Hamburguesa de doble carne,1,36,,,,,
621,Lunes,Postres,Pay de limon,4,62,,,,,
622,Lunes,Postres,Pastel de 3 leches,4,173,,,,,
623,Lunes,Antojitos,Burrito de Longaniza,1,41,,,,,
624,Lunes,Postres,Helado de fresa,4,61,,,,,
625,Lunes,Postres,Helado de limon,5,161,,,,,
626,Lunes,Postres,Pastel de 3 leches,2,39,,,,,
627,Lunes,Bebidas,Agua de limon 1L,4,120,,,,,
628,Lunes,Antojitos,Hamburguesa sencilla,3,165,,,,,
629,Lunes,Antojitos,Hamburguesa Hawaiana,3,124,,,,,
630,Lunes,Bebidas,Refresco Coca Cola 600 ml,1,48,,,,,
631,Lunes,Bebidas,Boing de Guayaba 500ml,3,130,,,,,
632,Lunes,Bebidas,Boing Mango de 600 ml,2,38,,,,,
633,Lunes,Antojitos,Chalupas,5,249,,,,,
634,Lunes,Antojitos,Chalupas,4,178,,,,,
635,Lunes,Antojitos,Hamburguesa Hawaiana,2,35,,,,,
636,Lunes,Antojitos,Pambazos,4,69,,,,,
637,Lunes,Postres,Pay de limon,1,47,,,,,
638,Lunes,Bebidas,Agua de Jamaica 1L,5,89,,,,,
639,Lunes,Antojitos,Chalupas,5,61,,,,,
640,Lunes,Postres,Pastel de 3 leches,4,174,,,,,
641,Lunes,Antojitos,Hamburguesa Hawaiana,2,39,,,,,
642,Lunes,Bebidas,Agua de Horchata 1L,2,36,,,,,
643,Lunes,Antojitos,Pambazos,1,38,,,,,
644,Lunes,Antojitos,Burrito de Longaniza,4,104,,,,,
645,Lunes,Antojitos,Papas Fritas,3,150,,,,,
646,Lunes,Antojitos,HotDog,4,138,,,,,
647,Lunes,Antojitos,Hamburguesa Hawaiana,5,203,,,,,
648,Lunes,Antojitos,Hamburguesa sencilla,5,231,,,,,
649,Lunes,Bebidas,Agua de limon 1L,4,172,,,,,
650,Lunes,Bebidas,Agua de Horchata 1L,5,104,,,,,
651,Lunes,Antojitos,HotDog,3,82,,,,,
652,Lunes,Antojitos,Pambazos,3,176,,,,,
653,Lunes,Bebidas,Refresco Coca Cola 600 ml,5,51,,,,,
654,Lunes,Antojitos,Chalupas,4,199,,,,,
655,Lunes,Antojitos,Papas Fritas,5,126,,,,,
656,Lunes,Antojitos,Burrito de Longaniza,5,88,,,,,
657,Lunes,Bebidas,Boing de Guayaba 500ml,2,48,,,,,
658,Lunes,Bebidas,Boing de Guayaba 500ml,5,115,,,,,
659,Lunes,Bebidas,Boing de Guayaba 500ml,1,40,,,,,
660,Lunes,Antojitos,Pambazos,1,41,,,,,
661,Lunes,Bebidas,Agua de Horchata 1L,3,75,,,,,
662,Lunes,Bebidas,Agua de limon 1L,1,41,,,,,
663,Lunes,Antojitos,Burrito de Choriqueso,4,175,,,,,
664,Lunes,Antojitos,Papas Fritas,2,35,,,,,
665,Lunes,Antojitos,Pambazos,4,120,,,,,
666,Lunes,Bebidas,Refresco Coca Cola 600 ml,5,188,,,,,
667,Lunes,Bebidas,Boing de Guayaba 500ml,5,93,,,,,
668,Lunes,Postres,Helado de fresa,5,237,,,,,
669,Lunes,Antojitos,Pambazos,1,42,,,,,
670,Lunes,Bebidas,Refresco Coca Cola 600 ml,5,109,,,,,
671,Lunes,Bebidas,Agua de Horchata 1L,4,115,,,,,
672,Lunes,Postres,Helado de limon,5,73,,,,,
673,Lunes,Postres,Pay de limon,5,189,,,,,
674,Lunes,Antojitos,Burrito de Longaniza,3,170,,,,,
675,Lunes,Antojitos,Chalupas,5,69,,,,,
676,Lunes,Antojitos,Hamburguesa de pollo,1,48,,,,,
677,Lunes,Antojitos,Burrito de Longaniza,4,115,,,,,
678,Lunes,Bebidas,Refresco Coca Cola 600 ml,1,42,,,,,
679,Lunes,Bebidas,Agua de Jamaica 1L,3,73,,,,,
680,Lunes,Bebidas,Agua de Horchata 1L,5,69,,,,,
681,Lunes,Antojitos,Hamburguesa de doble carne,2,48,,,,,
682,Lunes,Bebidas,Agua de Jamaica 1L,1,48,,,,,
683,Lunes,Antojitos,Burrito de Choriqueso,5,174,,,,,
684,Lunes,Postres,Helado de limon,3,140,,,,,
685,Lunes,Antojitos,Papas Fritas,3,77,,,,,
686,Lunes,Antojitos,Hamburguesa Hawaiana,2,46,,,,,
687,Lunes,Postres,Helado de fresa,5,82,,,,,
688,Lunes,Bebidas,Agua de Jamaica 1L,5,223,,,,,
689,Lunes,Antojitos,HotDog,4,123,,,,,
690,Lunes,Antojitos,Burrito de Longaniza,5,123,,,,,
691,Lunes,Postres,Helado de fresa,1,40,,,,,
692,Lunes,Antojitos,Burrito de Longaniza,4,124,,,,,
693,Lunes,Postres,Helado de limon,3,163,,,,,
694,Lunes,Bebidas,Refresco Coca Cola 600 ml,5,210,,,,,
695,Lunes,Antojitos,Burrito de Choriqueso,2,42,,,,,
696,Lunes,Antojitos,Hamburguesa de doble carne,5,71,,,,,
697,Lunes,Antojitos,Hamburguesa de Pollo,1,44,,,,,
698,Lunes,Postres,Helado de limon,1,44,,,,,
699,Lunes,Antojitos,Hamburguesa de pollo,1,40,,,,,
700,Lunes,Bebidas,Boing Mango de 600 ml,2,38,,,,,
